question,answer,document,rag_answer
"Does Bar Fortuna Sas offer delivery services? 
","The passage states that `has_delivery=False`. Therefore, Bar Fortuna Sas **does not** offer delivery services. 
","page_content='place_name=Bar Fortuna Sas\nreview=Excellent breakfast.....\nplace_address=Via Adriatica, 21, 35125 Padova PD, Italy\nplace_average_ratings=3.9\nplace_price_level=PRICE_LEVEL_INEXPENSIVE\nplace_primary_type=bar\nhas_delivery=False\nis_reservable=False' metadata={'place_phone_number': '+39 049 673 2077', 'place_website': nan, 'source': 'ChIJscwimbzbfkcRAcJSXrAFVns', 'places_opening_hours': ""['Monday: 6:30\\u202fAM\\u2009‚Äì\\u20092:00\\u202fAM', 'Tuesday: 3:00\\u202fPM\\u2009‚Äì\\u20092:00\\u202fAM', 'Wednesday: 6:30\\u202fAM\\u2009‚Äì\\u20092:00\\u202fAM', 'Thursday: 6:30\\u202fAM\\u2009‚Äì\\u20092:00\\u202fAM', 'Friday: 6:30\\u202fAM\\u2009‚Äì\\u20092:00\\u202fAM', 'Saturday: 6:30\\u202fAM\\u2009‚Äì\\u20092:00\\u202fAM', 'Sunday: 6:30\\u202fAM\\u2009‚Äì\\u20092:00\\u202fAM']"", 'filename': 'ChIJscwimbzbfkcRAcJSXrAFVns'}","No, Bar Fortuna Sas does not offer delivery services. 
"
"Is Crazy Pizza a good option for a budget-friendly meal? 
","Yes, based on the information provided, Crazy Pizza appears to be a good option for a budget-friendly meal. The `place_price_level` is listed as `PRICE_LEVEL_INEXPENSIVE`. 
","page_content='place_name=Crazy Pizza\nreview=Best pizza ever\nplace_address=Via Jacopo Filiasi, 2F, 35128 Padova PD, Italy\nplace_average_ratings=4.5\nplace_price_level=PRICE_LEVEL_INEXPENSIVE\nplace_primary_type=meal_takeaway\nhas_delivery=True\nis_reservable=True' metadata={'place_phone_number': '+39 049 751472', 'place_website': 'https://www.crazypizza.info/listino/', 'source': 'ChIJ46l-Px7bfkcR4E_2pyKzHvY', 'places_opening_hours': ""['Monday: 6:30\\u2009‚Äì\\u200910:30\\u202fPM', 'Tuesday: Closed', 'Wednesday: 6:30\\u2009‚Äì\\u200910:30\\u202fPM', 'Thursday: 6:30\\u2009‚Äì\\u200910:30\\u202fPM', 'Friday: 6:30\\u2009‚Äì\\u200910:30\\u202fPM', 'Saturday: 6:30\\u2009‚Äì\\u200910:30\\u202fPM', 'Sunday: 6:30\\u2009‚Äì\\u200910:30\\u202fPM']"", 'filename': 'ChIJ46l-Px7bfkcR4E_2pyKzHvY'}","Yes, Crazy Pizza is a good option for a budget-friendly meal.  It's listed as ""PRICE_LEVEL_INEXPENSIVE"". 
"
"What are the standout dishes at Ristorante da Giovanni? 
","The standout dishes at Ristorante da Giovanni are:

* **Gnocchi:**  The review specifically calls them ""the absolute best in the world"" and recommends trying them plain to enjoy the variety of sauces.
* **Boiled and Roasted Meats:**  These are highlighted as a real highlight of the menu.
* **Baccal√†:** The reviewer states it's their favorite and better than any they've tried before. 
","page_content=""place_name=Ristorante da Giovanni\nreview=Well if you're looking for a truly authentic, rustic Italian experience look no further. This is venetos history in a meal.\r\nThe absolute best gnocchi in the world, i do suggest to order them plain and try all of the sauces they are to die for. The boiled and roasted meats are the real highlight but don't think the menu is any less. The baccal√† is my favorite, better than any I've tried personally.\r\nThis has been family owned for generations and it shows, things are still done like the good old days and the prices are fair. A must try when in padova!\nplace_address=Via Pietro Maroncelli, 22, 35129 Padova PD, Italy\nplace_average_ratings=4.4\nplace_price_level=PRICE_LEVEL_MODERATE\nplace_primary_type=restaurant\nhas_delivery=False\nis_reservable=True"" metadata={'place_phone_number': '+39 049 772620', 'place_website': 'http://www.ristorantedagiovannipd.it/', 'source': 'ChIJeaet1pLafkcRQK8Mo2uXVog', 'places_opening_hours': ""['Monday: 12:00\\u2009‚Äì\\u20094:00\\u202fPM, 7:30\\u202fPM\\u2009‚Äì\\u200912:00\\u202fAM', 'Tuesday: 12:00\\u2009‚Äì\\u20094:00\\u202fPM, 7:30\\u202fPM\\u2009‚Äì\\u200912:00\\u202fAM', 'Wednesday: 12:00\\u2009‚Äì\\u20094:00\\u202fPM, 7:30\\u202fPM\\u2009‚Äì\\u200912:00\\u202fAM', 'Thursday: 12:00\\u2009‚Äì\\u20094:00\\u202fPM, 7:30\\u202fPM\\u2009‚Äì\\u200912:00\\u202fAM', 'Friday: 12:00\\u2009‚Äì\\u20094:00\\u202fPM, 7:30\\u202fPM\\u2009‚Äì\\u200912:00\\u202fAM', 'Saturday: 7:30\\u202fPM\\u2009‚Äì\\u200912:00\\u202fAM', 'Sunday: Closed']"", 'filename': 'ChIJeaet1pLafkcRQK8Mo2uXVog'}","Ristorante da Giovanni is known for its authentic, rustic Italian experience. Standout dishes include:

* **Gnocchi:**  Many reviewers rave about the gnocchi, suggesting ordering them plain and trying different sauces.
* **Boiled and Roasted Meats:** These are highlighted as a must-try, with the baccal√† (salt cod) being a particular favorite.
* **Fresh Homemade Pasta:**  The restaurant is known for its pasta dishes, with reviewers mentioning the generous use of sauce. 
"
"Is Anima Underground a good place to find drag performances? 
","Based on the provided information, **yes**, Anima Underground appears to be a good place to find drag performances. 

The review specifically mentions ""great queens come every week"". This strongly suggests that the venue hosts regular drag shows. 
","page_content='place_name=Anima Underground\nreview=Amazing place, the best queer club I‚Äôve ever been to. Every single staff member is nice, great queens come every week, I couldn‚Äôt recommend it enough!‚ù§Ô∏è\nplace_address=Via della Croce Rossa, 46, 35129 Padova PD, Italy\nplace_average_ratings=4.2\nplace_price_level=PRICE_LEVEL_MODERATE\nplace_primary_type=bar\nhas_delivery=False\nis_reservable=True' metadata={'place_phone_number': '+39 338 744 3089', 'place_website': 'https://www.facebook.com/AnimaPadova/', 'source': 'ChIJCXOHn5jbfkcRvuv4_LKBOu4', 'places_opening_hours': ""['Monday: Closed', 'Tuesday: Closed', 'Wednesday: 6:00\\u202fPM\\u2009‚Äì\\u20091:00\\u202fAM', 'Thursday: 6:00\\u202fPM\\u2009‚Äì\\u20091:00\\u202fAM', 'Friday: 6:00\\u202fPM\\u2009‚Äì\\u20094:00\\u202fAM', 'Saturday: 6:00\\u202fPM\\u2009‚Äì\\u20094:00\\u202fAM', 'Sunday: Closed']"", 'filename': 'ChIJCXOHn5jbfkcRvuv4_LKBOu4'}","Yes, Anima Underground is a good place to find drag performances. It hosts drag shows on Wednesdays, Fridays, and Saturdays. 
"
"What kind of food is served at Veni Vidi Vino Enoteca? 
","The passage mentions ""substantial and spectacular cicchetti freshly prepared"". Cicchetti are small, savory snacks common in Venetian cuisine, often served with wine. 

Therefore, Veni Vidi Vino Enoteca serves **small, savory snacks known as cicchetti**. 
","page_content=""place_name=Veni Vidi Vino Enoteca\nreview=A small but extraordinary wine shop: once you cross the threshold you enter a welcoming and characteristic place, with excellent wines and substantial and spectacular cicchetti freshly prepared. The external stalls are also very beautiful, certainly small but effective.\r\nAnd, above all, finally a place to drink good wine in Padua where the owner is not grumpy and does not seem to be doing him a favour, but rather talks and discusses wine passionately with the customer!\r\nI honestly don't understand the notes in the other reviews regarding prices: quality wines cost those figures, to me they seem absolutely honest (paying less than ‚Ç¨4-5 for a glass of quality wine in a restaurant seems utopian to me!).\r\nWe will definitely be back, for an aperitif or after dinner.\nplace_address=Via Brentella, 3, 35030 Caselle PD, Italy\nplace_average_ratings=4.7\nplace_price_level=PRICE_LEVEL_MODERATE\nplace_primary_type=bar\nhas_delivery=nan\nis_reservable=True"" metadata={'place_phone_number': '+39 049 631780', 'place_website': 'http://www.venividivino.it/', 'source': 'ChIJGcR3apvZfkcRE1oR_fiAKSU', 'places_opening_hours': ""['Monday: Closed', 'Tuesday: 11:00\\u202fAM\\u2009‚Äì\\u20092:30\\u202fPM, 5:00\\u2009‚Äì\\u200911:00\\u202fPM', 'Wednesday: 11:00\\u202fAM\\u2009‚Äì\\u20092:30\\u202fPM, 5:00\\u2009‚Äì\\u200911:00\\u202fPM', 'Thursday: 11:00\\u202fAM\\u2009‚Äì\\u20092:30\\u202fPM, 5:30\\u2009‚Äì\\u200911:00\\u202fPM', 'Friday: 11:00\\u202fAM\\u2009‚Äì\\u20092:30\\u202fPM, 5:00\\u2009‚Äì\\u200911:00\\u202fPM', 'Saturday: 11:00\\u202fAM\\u2009‚Äì\\u20092:30\\u202fPM, 5:00\\u2009‚Äì\\u200911:00\\u202fPM', 'Sunday: Closed']"", 'filename': 'ChIJGcR3apvZfkcRE1oR_fiAKSU'}","Veni Vidi Vino Enoteca serves tasty food, including meatballs and a platter. The reviews mention that the food is ""very tasty"" and ""too much for us to eat"". 
"
"Does Crazy Pizza offer dine-in options? 
","The passage doesn't explicitly state whether Crazy Pizza offers dine-in options. However, it does mention that it's a ""meal_takeaway"" establishment. This suggests that it may primarily be focused on takeout and delivery. 

To be sure, you would need to check their website or contact them directly. 
","page_content=""place_name=Crazy Pizza\nreview=Amazing pizzeria! I used to go there often when living in that area and now I'm missing it a lot! Totally recommended.\nplace_address=Via Jacopo Filiasi, 2F, 35128 Padova PD, Italy\nplace_average_ratings=4.5\nplace_price_level=PRICE_LEVEL_INEXPENSIVE\nplace_primary_type=meal_takeaway\nhas_delivery=True\nis_reservable=True"" metadata={'place_phone_number': '+39 049 751472', 'place_website': 'https://www.crazypizza.info/listino/', 'source': 'ChIJ46l-Px7bfkcR4E_2pyKzHvY', 'places_opening_hours': ""['Monday: 6:30\\u2009‚Äì\\u200910:30\\u202fPM', 'Tuesday: Closed', 'Wednesday: 6:30\\u2009‚Äì\\u200910:30\\u202fPM', 'Thursday: 6:30\\u2009‚Äì\\u200910:30\\u202fPM', 'Friday: 6:30\\u2009‚Äì\\u200910:30\\u202fPM', 'Saturday: 6:30\\u2009‚Äì\\u200910:30\\u202fPM', 'Sunday: 6:30\\u2009‚Äì\\u200910:30\\u202fPM']"", 'filename': 'ChIJ46l-Px7bfkcR4E_2pyKzHvY'}","The provided information doesn't mention if Crazy Pizza offers dine-in options. However, it does say it's a ""meal_takeaway"" place with delivery options, suggesting that it might be primarily focused on takeout and delivery. 
"
"Does Osteria Di Fuori Porta offer delivery? 
","Based on the provided information, Osteria Di Fuori Porta **does not offer delivery**. This is indicated by the `has_delivery=False` field. 
","page_content='place_name=Osteria Di Fuori Porta\nreview=excellent food and service. The menu has a few good dishes, well chosen, high quality. The beer and wine list is superb, with ales from La Stecciaia and local wines. Next time I am in town I shall return.\nplace_address=Via T. Aspetti, 7/A, 35132 Padova PD, Italy\nplace_average_ratings=4.5\nplace_price_level=PRICE_LEVEL_MODERATE\nplace_primary_type=restaurant\nhas_delivery=False\nis_reservable=True' metadata={'place_phone_number': '+39 049 616899', 'place_website': 'http://www.osteriadifuoriporta.it/', 'source': 'ChIJGT3onmjafkcRVB-53dEILI4', 'places_opening_hours': ""['Monday: 12:30\\u2009‚Äì\\u20093:00\\u202fPM', 'Tuesday: 12:30\\u2009‚Äì\\u20093:00\\u202fPM, 6:30\\u2009‚Äì\\u200911:30\\u202fPM', 'Wednesday: 12:30\\u2009‚Äì\\u20093:00\\u202fPM, 6:30\\u2009‚Äì\\u200911:30\\u202fPM', 'Thursday: 12:30\\u2009‚Äì\\u20093:00\\u202fPM, 6:30\\u2009‚Äì\\u200911:30\\u202fPM', 'Friday: 12:30\\u2009‚Äì\\u20093:00\\u202fPM, 6:30\\u2009‚Äì\\u200911:30\\u202fPM', 'Saturday: 12:30\\u2009‚Äì\\u20093:00\\u202fPM, 6:30\\u2009‚Äì\\u200911:30\\u202fPM', 'Sunday: 12:30\\u2009‚Äì\\u20093:00\\u202fPM']"", 'filename': 'ChIJGT3onmjafkcRVB-53dEILI4'}","No, Osteria Di Fuori Porta does not offer delivery. 
"
"Is Bar La Mandria in Padova, Italy, reservable? 
","The passage does not provide an answer to whether Bar La Mandria is reservable. The field ""is_reservable"" is listed as ""nan"", which means ""not a number"" and indicates that the information is missing. 
","page_content='place_name=Bar La Mandria\nreview=Welly goolly!!\nplace_address=Corso Boston, 50, 35142 Padova PD, Italy\nplace_average_ratings=4.4\nplace_price_level=nan\nplace_primary_type=bar\nhas_delivery=False\nis_reservable=nan' metadata={'place_phone_number': nan, 'place_website': nan, 'source': 'ChIJjVotGO_bfkcRM9iBkAALyyU', 'places_opening_hours': ""['Monday: 6:00\\u202fAM\\u2009‚Äì\\u20097:00\\u202fPM', 'Tuesday: 6:00\\u202fAM\\u2009‚Äì\\u20097:00\\u202fPM', 'Wednesday: 6:00\\u202fAM\\u2009‚Äì\\u20097:00\\u202fPM', 'Thursday: 6:00\\u202fAM\\u2009‚Äì\\u20097:00\\u202fPM', 'Friday: 6:00\\u202fAM\\u2009‚Äì\\u20097:00\\u202fPM', 'Saturday: 6:00\\u202fAM\\u2009‚Äì\\u20092:00\\u202fPM', 'Sunday: Closed']"", 'filename': 'ChIJjVotGO_bfkcRM9iBkAALyyU'}","I don't know if Bar La Mandria is reservable. The information I have doesn't specify if reservations are possible. 
"
"Is Osteria Enoteca L'Indeciso a moderately priced restaurant in Padua, Italy? 
","Yes, Osteria Enoteca L'Indeciso is a moderately priced restaurant in Padua, Italy. 

The passage states that `place_price_level=PRICE_LEVEL_MODERATE`. 
","page_content=""place_name=Osteria Enoteca L'Indeciso\nreview=Name is fun, and service and food do not disappoint\nplace_address=Via Gattamelata, 21, 35128 Padova PD, Italy\nplace_average_ratings=4.5\nplace_price_level=PRICE_LEVEL_MODERATE\nplace_primary_type=restaurant\nhas_delivery=nan\nis_reservable=True"" metadata={'place_phone_number': '+39 345 343 6293', 'place_website': 'https://indecisopadova.it/', 'source': 'ChIJfxPgA-fafkcRaFk7SCN2LeQ', 'places_opening_hours': ""['Monday: 12:00\\u2009‚Äì\\u20093:00\\u202fPM, 7:00\\u2009‚Äì\\u200911:30\\u202fPM', 'Tuesday: 12:00\\u2009‚Äì\\u20093:00\\u202fPM, 7:00\\u2009‚Äì\\u200911:30\\u202fPM', 'Wednesday: 12:00\\u2009‚Äì\\u20093:00\\u202fPM, 7:00\\u2009‚Äì\\u200911:30\\u202fPM', 'Thursday: 12:00\\u2009‚Äì\\u20093:00\\u202fPM, 7:00\\u2009‚Äì\\u200911:30\\u202fPM', 'Friday: 12:00\\u2009‚Äì\\u20093:00\\u202fPM, 7:00\\u2009‚Äì\\u200911:30\\u202fPM', 'Saturday: 7:00\\u2009‚Äì\\u200911:30\\u202fPM', 'Sunday: Closed']"", 'filename': 'ChIJfxPgA-fafkcRaFk7SCN2LeQ'}","Yes, Osteria Enoteca L'Indeciso is a moderately priced restaurant in Padua, Italy. 
"
"Is San Sushi a popular choice for sushi in Padova? 
","The passage states ""Excellent sushi, one of the best in town."" This implies that San Sushi is a popular choice for sushi in Padova. 
","page_content='place_name=San Sushi\nreview=Excellent sushi, one of the best in town. Very efficient and polite service, as usual. Highly recommended\nplace_address=Via Chiesanuova, 217, 35316 Padova PD, Italy\nplace_average_ratings=4.2\nplace_price_level=PRICE_LEVEL_MODERATE\nplace_primary_type=japanese_restaurant\nhas_delivery=True\nis_reservable=True' metadata={'place_phone_number': '+39 338 185 3146', 'place_website': 'http://www.san-sushi.it/', 'source': 'ChIJJw-L55HZfkcRWjMRRzq2FDw', 'places_opening_hours': ""['Monday: Closed', 'Tuesday: 12:00\\u2009‚Äì\\u20093:00\\u202fPM, 7:00\\u2009‚Äì\\u200911:30\\u202fPM', 'Wednesday: 12:00\\u2009‚Äì\\u20093:00\\u202fPM, 7:00\\u2009‚Äì\\u200911:30\\u202fPM', 'Thursday: 12:00\\u2009‚Äì\\u20093:00\\u202fPM, 7:00\\u2009‚Äì\\u200911:30\\u202fPM', 'Friday: 12:00\\u2009‚Äì\\u20093:00\\u202fPM, 7:00\\u2009‚Äì\\u200911:30\\u202fPM', 'Saturday: 12:00\\u2009‚Äì\\u20093:00\\u202fPM, 7:00\\u2009‚Äì\\u200911:30\\u202fPM', 'Sunday: 12:00\\u2009‚Äì\\u20093:00\\u202fPM, 7:00\\u2009‚Äì\\u200911:30\\u202fPM']"", 'filename': 'ChIJJw-L55HZfkcRWjMRRzq2FDw'}","Yes, San Sushi is a popular choice for sushi in Padova.  It has a 4.2 average rating and many reviewers recommend it. 
"
"Is Pizzeria Al Vecio Cason known for its Neapolitan-style pizza? 
","The passage states ""It's not a Napolitan's pizza"", so Pizzeria Al Vecio Cason is **not** known for its Neapolitan-style pizza. 
","page_content=""place_name=Pizzeria Al Vecio Cason\nreview=It's not a Napolitan's pizza but you can't find any in Padua. I can just compare this one to the others here in the area. It's not special but it's good. Nice outdoor atmosphere with friendly staff and fast service. I would reccomend it.\nplace_address=Via Giuseppe Comino, 4, 35100 Padova PD, Italy\nplace_average_ratings=4.4\nplace_price_level=PRICE_LEVEL_MODERATE\nplace_primary_type=pizza_restaurant\nhas_delivery=False\nis_reservable=True"" metadata={'place_phone_number': '+39 049 880 0215', 'place_website': nan, 'source': 'ChIJk6LMdwjbfkcRqTV3lF8bJ2c', 'places_opening_hours': ""['Monday: Closed', 'Tuesday: 7:10\\u202fPM\\u2009‚Äì\\u200912:00\\u202fAM', 'Wednesday: 7:10\\u202fPM\\u2009‚Äì\\u200912:00\\u202fAM', 'Thursday: 7:10\\u202fPM\\u2009‚Äì\\u200912:00\\u202fAM', 'Friday: 7:10\\u202fPM\\u2009‚Äì\\u200912:00\\u202fAM', 'Saturday: 7:10\\u202fPM\\u2009‚Äì\\u200912:00\\u202fAM', 'Sunday: 7:10\\u2009‚Äì\\u200911:00\\u202fPM']"", 'filename': 'ChIJk6LMdwjbfkcRqTV3lF8bJ2c'}","According to the reviews, Pizzeria Al Vecio Cason is not known for its Neapolitan-style pizza. One reviewer even states that you can't find Neapolitan pizza in Padua.  
"
"Is Ristorante Bar Granze open for dinner and on weekends? 
","No, Ristorante Bar Granze is not open for dinner and on weekends. The review states ""Too bad it's not open in the evenings and weekends"". 
","page_content=""place_name=Ristorante Bar Granze\nreview=Courteous, professional, friendly and the food is delicious. What more can I say‚Ä¶FANTASTIC\r\nToo bad it's not open in the evenings and weekends\nplace_address=Via delle Granze, 10b, 35127 Padova PD, Italy\nplace_average_ratings=4.5\nplace_price_level=nan\nplace_primary_type=restaurant\nhas_delivery=nan\nis_reservable=True"" metadata={'place_phone_number': '+39 049 760855', 'place_website': nan, 'source': 'ChIJ9xi-ji_FfkcRII2gFvdhbnA', 'places_opening_hours': ""['Monday: 7:30\\u202fAM\\u2009‚Äì\\u20096:00\\u202fPM', 'Tuesday: 7:30\\u202fAM\\u2009‚Äì\\u20096:00\\u202fPM', 'Wednesday: 7:30\\u202fAM\\u2009‚Äì\\u20096:00\\u202fPM', 'Thursday: 7:30\\u202fAM\\u2009‚Äì\\u20096:00\\u202fPM', 'Friday: 7:30\\u202fAM\\u2009‚Äì\\u20096:00\\u202fPM', 'Saturday: Closed', 'Sunday: Closed']"", 'filename': 'ChIJ9xi-ji_FfkcRII2gFvdhbnA'}","No, Ristorante Bar Granze is not open for dinner and on weekends. It is only open from 7:30 AM to 6:00 PM from Monday to Friday. 
"
"Is Bar Zip a good option for a quick and affordable lunch? 
","Based on the provided information, **Bar Zip seems like a good option for a quick and affordable lunch**. Here's why:

* **Quick service:** The review mentions it's ""very quick at lunch"" and ""friendly, quick and precise"".
* **Affordable:** Sandwiches are ‚Ç¨5 each, which is considered affordable.
* **Good quality:** The review states the sandwiches are ""good"".

However, the `place_price_level` is listed as `PRICE_LEVEL_MODERATE`. This suggests that while the sandwiches are affordable, other items on the menu might be more expensive. 

Overall, Bar Zip appears to be a good choice for a quick and affordable lunch, especially if you're looking for a sandwich. 
","page_content='place_name=Bar Zip\nreview=Very quick at lunch and very organised. The sandwiches are good so 4, ‚Ç¨5 each. friendly, quick and precise for both take away and table service. Well structured place. Continue like this\nplace_address=Corso Stati Uniti, 14, 35127 Padova PD, Italy\nplace_average_ratings=4.2\nplace_price_level=PRICE_LEVEL_MODERATE\nplace_primary_type=bar\nhas_delivery=True\nis_reservable=True' metadata={'place_phone_number': '+39 049 761935', 'place_website': nan, 'source': 'ChIJqceMGSrFfkcRz5JKRfjitzU', 'places_opening_hours': ""['Monday: 6:00\\u202fAM\\u2009‚Äì\\u20093:00\\u202fPM', 'Tuesday: 6:00\\u202fAM\\u2009‚Äì\\u20093:00\\u202fPM', 'Wednesday: 6:00\\u202fAM\\u2009‚Äì\\u20093:00\\u202fPM', 'Thursday: 6:00\\u202fAM\\u2009‚Äì\\u20093:00\\u202fPM', 'Friday: 6:00\\u202fAM\\u2009‚Äì\\u20093:00\\u202fPM', 'Saturday: Closed', 'Sunday: Closed']"", 'filename': 'ChIJqceMGSrFfkcRz5JKRfjitzU'}","Yes, Bar Zip is a good option for a quick and affordable lunch.  Many reviews mention it as an ideal place for a fast lunch break, with good choices of sandwiches, first courses, and salads.  It's also praised for its friendly and well-organized service. 
"
"Is Royal Garden Padova ‚ÄúAll u Can Eat‚Äù Asian Fusion a good choice for a romantic dinner? 
",,"page_content='place_name=Royal Garden Padova ‚ÄúAll u Can Eat‚Äù Asian Fusion\nreview=Newly open one! The lunch is amazing like dinnerü§© lots of dishes and types\r\nThe environment is good for date, family etc, elegant garden and a single building, well decorated. If you are in Padova with a car, perfect place to eat well;)\r\nThe waitress girls are very nice and sweetest, asked us how‚Äôs everything. The order had 0 errors. Everything perfect;)\r\nHope it is going on well\nplace_address=Via dei Ronchi, 18, 35127 Padova PD, Italy\nplace_average_ratings=4.5\nplace_price_level=PRICE_LEVEL_MODERATE\nplace_primary_type=sushi_restaurant\nhas_delivery=True\nis_reservable=True' metadata={'place_phone_number': '+39 351 993 9666', 'place_website': 'https://royal-garden.eatbu.com/', 'source': 'ChIJn013XgnFfkcR0AiWAvWcR44', 'places_opening_hours': ""['Monday: Closed', 'Tuesday: 12:00\\u2009‚Äì\\u20092:30\\u202fPM, 7:00\\u2009‚Äì\\u200911:30\\u202fPM', 'Wednesday: 12:00\\u2009‚Äì\\u20092:30\\u202fPM, 7:00\\u2009‚Äì\\u200911:30\\u202fPM', 'Thursday: 12:00\\u2009‚Äì\\u20092:30\\u202fPM, 7:00\\u2009‚Äì\\u200911:30\\u202fPM', 'Friday: 12:00\\u2009‚Äì\\u20092:30\\u202fPM, 7:00\\u2009‚Äì\\u200911:30\\u202fPM', 'Saturday: 12:00\\u2009‚Äì\\u20092:30\\u202fPM, 7:00\\u2009‚Äì\\u200911:30\\u202fPM', 'Sunday: 12:00\\u2009‚Äì\\u20092:30\\u202fPM, 7:00\\u2009‚Äì\\u200911:30\\u202fPM']"", 'filename': 'ChIJn013XgnFfkcR0AiWAvWcR44'}",
"Is Enoteca Cortes Srl a good place to go for a romantic dinner? 
",,"page_content='place_name=Enoteca Cortes Srl\nreview=The food is delicious, the wine selection is vast, and the host is amazing!\nplace_address=Riviera Paleocapa, 7, 35141 Padova PD, Italy\nplace_average_ratings=4.2\nplace_price_level=PRICE_LEVEL_MODERATE\nplace_primary_type=bar\nhas_delivery=False\nis_reservable=True' metadata={'place_phone_number': '+39 349 856 5428', 'place_website': nan, 'source': 'ChIJf_5BG0zafkcRd8AtuMSA-vo', 'places_opening_hours': ""['Monday: Closed', 'Tuesday: 6:00\\u202fPM\\u2009‚Äì\\u20092:00\\u202fAM', 'Wednesday: 6:00\\u202fPM\\u2009‚Äì\\u20092:00\\u202fAM', 'Thursday: 6:00\\u202fPM\\u2009‚Äì\\u20092:00\\u202fAM', 'Friday: 6:00\\u202fPM\\u2009‚Äì\\u20092:00\\u202fAM', 'Saturday: 6:00\\u202fPM\\u2009‚Äì\\u20092:00\\u202fAM', 'Sunday: 6:00\\u202fPM\\u2009‚Äì\\u200912:00\\u202fAM']"", 'filename': 'ChIJf_5BG0zafkcRd8AtuMSA-vo'}",
"Does Caffetteria Da Porto offer delivery services? 
","According to the provided information, **Caffetteria Da Porto does not offer delivery services.** This is indicated by the `has_delivery=False` field. 
","page_content=""place_name=Caffetteria Da Porto\nreview=The Da Porto caf√© is located in Padua in Piazza da Porto inside the La Cittadella service center. A stone's throw from the Hotel Biri, the Padua Fair and the shopping centres. It has ample parking. It opens at 6.30 in the morning for breakfasts served with taste and kindness and closes at 4.00 as it is located in a service center full of offices. At lunch the cuisine is very good, fast and of a quality suitable for quick lunches. Excellent staff with smiles and kindness that are difficult to find today. The property carefully follows its customers and the quality of the food served. Closes on Saturday and Sunday.\nplace_address=Piazza Luigi da Porto, 2, 35131 Padova PD, Italy\nplace_average_ratings=4.4\nplace_price_level=nan\nplace_primary_type=coffee_shop\nhas_delivery=False\nis_reservable=True"" metadata={'place_phone_number': '+39 049 807 0081', 'place_website': nan, 'source': 'ChIJwQQr8u3afkcRS3ySjwmYCLg', 'places_opening_hours': ""['Monday: 7:00\\u202fAM\\u2009‚Äì\\u20095:00\\u202fPM', 'Tuesday: 7:00\\u202fAM\\u2009‚Äì\\u20095:00\\u202fPM', 'Wednesday: 7:00\\u202fAM\\u2009‚Äì\\u20095:00\\u202fPM', 'Thursday: 7:00\\u202fAM\\u2009‚Äì\\u20095:00\\u202fPM', 'Friday: 7:00\\u202fAM\\u2009‚Äì\\u20095:00\\u202fPM', 'Saturday: Closed', 'Sunday: Closed']"", 'filename': 'ChIJwQQr8u3afkcRS3ySjwmYCLg'}","No, Caffetteria Da Porto does not offer delivery services. 
"
"Why did the waitress tell the diners that it's typical for only one person to order and eat while the other watches? 
","The waitress told the diners that it's typical for only one person to order and eat while the other watches **because she was trying to explain why they only brought one meal, even though two people were dining.** 

It seems she was either confused or trying to deflect responsibility for the mistake by implying that it was a common practice at the restaurant. This was clearly not true, and the diners were rightfully frustrated by the situation. 
","page_content=""place_name=Qui mangio da Giorgio\nreview=I hate to leave negative reviews, but I feel it's necessary to share our experience. We initially sat on the terrace, but a waitress requested we move inside if we wanted to eat. This was a bit puzzling but we complied. Although other people were eating on the terrace. The real issue arose when we ordered food. Despite both of us coming to dine, only one meal was brought to our table. After waiting nearly an hour, I inquired about the second meal. Surprisingly, the waitress informed us that it's typical for just one person to order and eat and the other to watch. This was both confusing and frustrating.\r\n\r\nTo make matters worse, even after admitting a mistake with our order, the waitress still charged us for the meal. It's unfortunate, as the experience marred what could have been a pleasant evening. I hope others have a better experience than we did.\nplace_address=Via del Commissario, 42, 35124 Padova PD, Italy\nplace_average_ratings=4.3\nplace_price_level=PRICE_LEVEL_INEXPENSIVE\nplace_primary_type=restaurant\nhas_delivery=False\nis_reservable=True"" metadata={'place_phone_number': '+39 379 113 3382', 'place_website': 'https://www.facebook.com/QuiMangioDaGiorgio/', 'source': 'ChIJq1gWeonbfkcRzbvq7MGwRpQ', 'places_opening_hours': ""['Monday: Closed', 'Tuesday: 9:00\\u202fAM\\u2009‚Äì\\u20092:00\\u202fPM, 6:00\\u202fPM\\u2009‚Äì\\u200912:00\\u202fAM', 'Wednesday: 9:00\\u202fAM\\u2009‚Äì\\u20092:00\\u202fPM, 6:00\\u202fPM\\u2009‚Äì\\u200912:00\\u202fAM', 'Thursday: 9:00\\u202fAM\\u2009‚Äì\\u20092:00\\u202fPM, 6:00\\u202fPM\\u2009‚Äì\\u200912:00\\u202fAM', 'Friday: 9:00\\u202fAM\\u2009‚Äì\\u20092:00\\u202fPM, 6:00\\u202fPM\\u2009‚Äì\\u200912:00\\u202fAM', 'Saturday: 9:00\\u202fAM\\u2009‚Äì\\u20092:00\\u202fPM, 6:00\\u202fPM\\u2009‚Äì\\u200912:00\\u202fAM', 'Sunday: 9:00\\u202fAM\\u2009‚Äì\\u20092:00\\u202fPM, 6:00\\u202fPM\\u2009‚Äì\\u200912:00\\u202fAM']"", 'filename': 'ChIJq1gWeonbfkcRzbvq7MGwRpQ'}","The waitress at Qui mangio da Giorgio told the diners that it's typical for only one person to order and eat while the other watches because **she was trying to justify why only one meal was brought to the table after they both ordered**.  The review states that the waitress admitted a mistake with their order, but still charged them for the meal. This suggests the waitress was trying to cover up her error. 
"
"Is Dino's a good place to go for a casual drink with friends? 
","Based on the provided information, **Dino's appears to be a good place for a casual drink with friends**. Here's why:

* **Friendly atmosphere:** The review mentions a ""friendly"" atmosphere, which is a positive indicator for a casual gathering.
* **Good Spritz at reasonable price:** This suggests affordable drinks, making it suitable for a casual hangout.
* **Inexpensive price level:** The ""PRICE_LEVEL_INEXPENSIVE"" classification further supports the idea of a budget-friendly place.
* **Bar:** The ""bar"" primary type confirms it's a suitable venue for drinks.

While the information doesn't explicitly state ""casual drinks with friends,"" the overall impression is that Dino's is a welcoming and affordable bar, making it likely a good choice for such an occasion. 
","page_content=""place_name=DINO'S\nreview=Friendly, good atmosphere and good Spritz at reasonable price.\nplace_address=Via Sacro Cuore, 27, 35135 Padova PD, Italy\nplace_average_ratings=4.5\nplace_price_level=PRICE_LEVEL_INEXPENSIVE\nplace_primary_type=bar\nhas_delivery=False\nis_reservable=True"" metadata={'place_phone_number': '+39 329 977 0483', 'place_website': nan, 'source': 'ChIJTYsXpwvafkcR_DXd5TTjFOc', 'places_opening_hours': ""['Monday: 6:00\\u202fAM\\u2009‚Äì\\u200911:00\\u202fPM', 'Tuesday: 6:00\\u202fAM\\u2009‚Äì\\u200911:00\\u202fPM', 'Wednesday: 6:00\\u202fAM\\u2009‚Äì\\u200911:00\\u202fPM', 'Thursday: 6:00\\u202fAM\\u2009‚Äì\\u200911:00\\u202fPM', 'Friday: 6:00\\u202fAM\\u2009‚Äì\\u200911:00\\u202fPM', 'Saturday: 7:00\\u202fAM\\u2009‚Äì\\u200911:00\\u202fPM', 'Sunday: 7:30\\u202fAM\\u2009‚Äì\\u200911:00\\u202fPM']"", 'filename': 'ChIJTYsXpwvafkcR_DXd5TTjFOc'}","Yes, Dino's seems like a great place for a casual drink with friends. Reviews mention a friendly atmosphere, good Spritz at a reasonable price, and a cozy setting. 
"
"Does this McDonald's offer delivery and reservations? 
","The passage states that `has_delivery=True`, meaning this McDonald's offers delivery. However, it says `is_reservable=nan`, which means the information about reservations is unavailable. 

Therefore, we can definitively say this McDonald's offers delivery, but we don't have enough information to determine if they offer reservations. 
","page_content=""place_name=McDonald's\nreview=The best McDonald's I have ever so, clean, the food was incredibly different and they had bears and wings on the menu ü§©\nplace_address=Via Pontevigodarzere, 2, 35133 Padova PD, Italy\nplace_average_ratings=4.0\nplace_price_level=PRICE_LEVEL_INEXPENSIVE\nplace_primary_type=fast_food_restaurant\nhas_delivery=True\nis_reservable=nan"" metadata={'place_phone_number': '+39 049 864 9227', 'place_website': 'http://www.mcdonalds.it/', 'source': 'ChIJE49DguzQfkcREnGf6-fZF_A', 'places_opening_hours': ""['Monday: 7:00\\u202fAM\\u2009‚Äì\\u20093:00\\u202fAM', 'Tuesday: 7:00\\u202fAM\\u2009‚Äì\\u20093:00\\u202fAM', 'Wednesday: 7:00\\u202fAM\\u2009‚Äì\\u20093:00\\u202fAM', 'Thursday: 7:00\\u202fAM\\u2009‚Äì\\u20093:00\\u202fAM', 'Friday: 7:00\\u202fAM\\u2009‚Äì\\u20096:30\\u202fAM', 'Saturday: 7:00\\u202fAM\\u2009‚Äì\\u20096:30\\u202fAM', 'Sunday: 7:00\\u202fAM\\u2009‚Äì\\u20093:00\\u202fAM']"", 'filename': 'ChIJE49DguzQfkcREnGf6-fZF_A'}","The context mentions that this McDonald's offers delivery but does not mention anything about reservations. 
"
"Is Le Staffe a good option for a moderately priced meal with a view? 
","Based on the provided information, **yes**, Le Staffe seems like a good option for a moderately priced meal with a view. 

Here's why:

* **Place Price Level:** The information states `place_price_level=PRICE_LEVEL_MODERATE`, indicating it's a moderately priced restaurant.
* **Review:** The review mentions ""Great price for great quality food"" and ""Nice view too."" 

Therefore, Le Staffe appears to offer both a moderate price point and a view, making it a suitable choice for your request. 
","page_content=""place_name=Le Staffe\nreview=Very nice settings. Cool breeze going all around you while having a great meal. Great price for great quality food.\r\nNice view too.\nplace_address=Via dell'Ippodromo, 4, 35129 Padova PD, Italy\nplace_average_ratings=4.1\nplace_price_level=PRICE_LEVEL_MODERATE\nplace_primary_type=restaurant\nhas_delivery=False\nis_reservable=True"" metadata={'place_phone_number': '+39 366 296 9424', 'place_website': 'http://www.lestaffe.it/', 'source': 'ChIJ-0Py_KTafkcRQCpz5LK1eMc', 'places_opening_hours': ""['Monday: Closed', 'Tuesday: 6:00\\u202fPM\\u2009‚Äì\\u20092:00\\u202fAM', 'Wednesday: 6:00\\u202fPM\\u2009‚Äì\\u20092:00\\u202fAM', 'Thursday: 6:00\\u202fPM\\u2009‚Äì\\u20092:00\\u202fAM', 'Friday: 6:00\\u202fPM\\u2009‚Äì\\u20092:00\\u202fAM', 'Saturday: 6:00\\u202fPM\\u2009‚Äì\\u20092:00\\u202fAM', 'Sunday: 6:00\\u202fPM\\u2009‚Äì\\u20092:00\\u202fAM']"", 'filename': 'ChIJ-0Py_KTafkcRQCpz5LK1eMc'}","Yes, Le Staffe is a good option for a moderately priced meal with a view. Reviews mention a nice view and great quality food for a good price. 
"
"Is Da Pippo a good place to try Italian food and desserts in Padua? 
","Based on the provided information, **yes**, Da Pippo seems like a good place to try Italian food and desserts in Padua. 

Here's why:

* **Positive review:** The review specifically mentions the food being ""very tasty"" and the desserts being ""very good.""
* **Italian restaurant:** The place is categorized as an ""italian_restaurant."" 
* **High average rating:** The place has a 4.2 average rating, suggesting positive customer experiences. 

While the review doesn't explicitly state that Da Pippo is the best place for Italian food in Padua, it strongly suggests that it's a good option. 
","page_content='place_name=Da Pippo\nreview=We went to Da Pippo twice during our trip, for lunch and for dinner. We had 8 different dishes and they were all very tasty! The desserts are also very good! Great food and great value.\r\nThis will definitely be my go-to place if I get to visit Padua again.\nplace_address=Via Gattamelata, 80, 35128 Padova PD, Italy\nplace_average_ratings=4.2\nplace_price_level=PRICE_LEVEL_INEXPENSIVE\nplace_primary_type=italian_restaurant\nhas_delivery=False\nis_reservable=True' metadata={'place_phone_number': '+39 049 807 0476', 'place_website': 'https://www.facebook.com/pages/Trattoria-Da-Pippo/162736520405307', 'source': 'ChIJZ3saHuXafkcRrRT36MISFaE', 'places_opening_hours': ""['Monday: 12:00\\u2009‚Äì\\u20092:00\\u202fPM, 7:15\\u2009‚Äì\\u20099:00\\u202fPM', 'Tuesday: 12:00\\u2009‚Äì\\u20092:00\\u202fPM, 7:15\\u2009‚Äì\\u20099:00\\u202fPM', 'Wednesday: 12:00\\u2009‚Äì\\u20092:00\\u202fPM, 7:15\\u2009‚Äì\\u20099:00\\u202fPM', 'Thursday: 12:00\\u2009‚Äì\\u20092:00\\u202fPM, 7:15\\u2009‚Äì\\u20099:00\\u202fPM', 'Friday: 12:00\\u2009‚Äì\\u20092:00\\u202fPM, 7:15\\u2009‚Äì\\u20099:00\\u202fPM', 'Saturday: 12:00\\u2009‚Äì\\u20092:00\\u202fPM', 'Sunday: Closed']"", 'filename': 'ChIJZ3saHuXafkcRrRT36MISFaE'}","Yes, Da Pippo is a great place to try Italian food and desserts in Padua. Reviews mention that the food is tasty, with a good selection of pasta, main dishes, and desserts.  The restaurant is also known for its good value for money. 
"
"Is Bar Caff√® Al 28 located on Via XI Febbraio in Villatora PD, Italy? 
","Yes, the passage states that Bar Caff√® Al 28 is located at **Via XI Febbraio, 2, 35020 Villatora PD, Italy**. 
","page_content='place_name=Bar Caff√® Al 28\nreview=Bar TOP\nplace_address=Via XI Febbraio, 2, 35020 Villatora PD, Italy\nplace_average_ratings=4.5\nplace_price_level=PRICE_LEVEL_INEXPENSIVE\nplace_primary_type=bar\nhas_delivery=False\nis_reservable=True' metadata={'place_phone_number': '+39 340 612 7300', 'place_website': nan, 'source': 'ChIJO6ANgPzEfkcRnUR5UtTbipg', 'places_opening_hours': ""['Monday: 5:30\\u202fAM\\u2009‚Äì\\u20099:00\\u202fPM', 'Tuesday: 5:30\\u202fAM\\u2009‚Äì\\u20099:00\\u202fPM', 'Wednesday: 5:30\\u202fAM\\u2009‚Äì\\u20099:00\\u202fPM', 'Thursday: 5:30\\u202fAM\\u2009‚Äì\\u20099:00\\u202fPM', 'Friday: 5:30\\u202fAM\\u2009‚Äì\\u20099:00\\u202fPM', 'Saturday: 5:30\\u202fAM\\u2009‚Äì\\u20099:00\\u202fPM', 'Sunday: 5:30\\u202fAM\\u2009‚Äì\\u20093:00\\u202fPM']"", 'filename': 'ChIJO6ANgPzEfkcRnUR5UtTbipg'}","Yes, Bar Caff√® Al 28 is located on Via XI Febbraio, 2, 35020 Villatora PD, Italy. 
"
"Is All'Ombra Della Piazza a good option for gluten-free diners? 
","Based on the provided text, **All'Ombra Della Piazza is not a great option for gluten-free diners.** 

The review states, ""Almost everything comes with bread, so it is not a great gluten-free place.""  While there are some vegetarian options, it implies that many dishes are served with bread, making it difficult for those with gluten sensitivities. 
","page_content=""place_name=All'Ombra Della Piazza\nreview=Small place where the reservation is recommended if you prefer to stay inside, otherwise there are some places outsized where you cannot sit but you can stay there drinking.\r\nHuge choices of wines, and of cicchetti. The ones we ate were amazing. Almost everithing comes with bread, so it is not a great gluten free places, but there are some vegetarian ones.\nplace_address=Via Pietro D'Abano, 16, 35139 Padova PD, Italy\nplace_average_ratings=4.6\nplace_price_level=PRICE_LEVEL_MODERATE\nplace_primary_type=restaurant\nhas_delivery=False\nis_reservable=True"" metadata={'place_phone_number': '+39 049 875 7343', 'place_website': 'http://www.allombradellapiazza.com/', 'source': 'ChIJT7iD_0_afkcR_q-VVg3OgaM', 'places_opening_hours': ""['Monday: 11:00\\u202fAM\\u2009‚Äì\\u200911:45\\u202fPM', 'Tuesday: 11:00\\u202fAM\\u2009‚Äì\\u200911:45\\u202fPM', 'Wednesday: 11:00\\u202fAM\\u2009‚Äì\\u200911:45\\u202fPM', 'Thursday: 11:00\\u202fAM\\u2009‚Äì\\u200911:45\\u202fPM', 'Friday: 11:00\\u202fAM\\u2009‚Äì\\u200911:45\\u202fPM', 'Saturday: 11:00\\u202fAM\\u2009‚Äì\\u200911:45\\u202fPM', 'Sunday: 11:00\\u202fAM\\u2009‚Äì\\u200910:00\\u202fPM']"", 'filename': 'ChIJT7iD_0_afkcR_q-VVg3OgaM'}","All'Ombra Della Piazza has some gluten-free options, but it's not a great gluten-free place. Most of the food comes with bread. 
"
"Does this restaurant offer delivery and reservations? 
","Yes, this restaurant offers both delivery and reservations. 

This is confirmed by the information provided: 

* **has_delivery=True**
* **is_reservable=True** 
","page_content='place_name=Pizzasporto Al Posto Giusto\nreview=Second chance for me\r\nSplendid pizzas, quality ingredients, highly digestible dough,\r\nTonight I had an Al Posto Giusto and a Parmigiana\r\nHats off to you, you will be my takeaway pizzeria üòç always for my family\r\nCongratulations üí™üèª\nplace_address=Al Posto Giusto, Via Mont√†, 79/A, 35138 Padova PD, Italy\nplace_average_ratings=4.3\nplace_price_level=nan\nplace_primary_type=meal_takeaway\nhas_delivery=True\nis_reservable=True' metadata={'place_phone_number': '+39 320 146 6600', 'place_website': nan, 'source': 'ChIJrcD1rDnafkcR-LBetpeYpys', 'places_opening_hours': ""['Monday: 6:00\\u2009‚Äì\\u200910:00\\u202fPM', 'Tuesday: Closed', 'Wednesday: 6:00\\u2009‚Äì\\u200910:00\\u202fPM', 'Thursday: 6:00\\u2009‚Äì\\u200910:00\\u202fPM', 'Friday: 6:00\\u2009‚Äì\\u200910:00\\u202fPM', 'Saturday: 6:00\\u2009‚Äì\\u200910:00\\u202fPM', 'Sunday: 6:00\\u2009‚Äì\\u200910:00\\u202fPM']"", 'filename': 'ChIJrcD1rDnafkcR-LBetpeYpys'}","Based on the reviews, Osteria Enoteca L'Indeciso does not offer delivery, but you can make reservations. 
"
"Does La Sirena Ristorante Pizzeria offer delivery? 
","Yes, La Sirena Ristorante Pizzeria offers delivery. 
","page_content=""place_name=La Sirena Ristorante Pizzeria\nreview=I only had the coffee but I think it is enough to evaluate a quality service seasoned with such friendliness and courtesy. However the coffee was very good and the place very clean\nplace_address=Viale dell'Industria, 58, 35129 Padova PD, Italy\nplace_average_ratings=3.9\nplace_price_level=PRICE_LEVEL_INEXPENSIVE\nplace_primary_type=pizza_restaurant\nhas_delivery=True\nis_reservable=True"" metadata={'place_phone_number': '+39 049 774303', 'place_website': 'https://lasirenaristorantepizzeria.business.site/', 'source': 'ChIJ5SQAXcjafkcRivvXoaaJLkg', 'places_opening_hours': ""['Monday: 6:30\\u202fAM\\u2009‚Äì\\u20097:30\\u202fPM', 'Tuesday: 6:30\\u202fAM\\u2009‚Äì\\u20097:30\\u202fPM', 'Wednesday: 6:30\\u202fAM\\u2009‚Äì\\u20097:30\\u202fPM', 'Thursday: 6:30\\u202fAM\\u2009‚Äì\\u20097:30\\u202fPM', 'Friday: 6:30\\u202fAM\\u2009‚Äì\\u20097:30\\u202fPM', 'Saturday: Closed', 'Sunday: Closed']"", 'filename': 'ChIJ5SQAXcjafkcRivvXoaaJLkg'}","Yes, La Sirena Ristorante Pizzeria offers delivery. 
"
"Does McDonald's Albignasego offer reservations? 
","The passage does not provide an answer to whether McDonald's Albignasego offers reservations. The field ""is_reservable"" is listed as ""nan"" which means ""not a number"" and indicates that the information is missing. 
","page_content=""place_name=McDonald's Albignasego\nreview=Good service\nplace_address=Via Giovanni Verga, 1, 35020 Albignasego PD, Italy\nplace_average_ratings=3.7\nplace_price_level=PRICE_LEVEL_INEXPENSIVE\nplace_primary_type=fast_food_restaurant\nhas_delivery=True\nis_reservable=nan"" metadata={'place_phone_number': '+39 049 691060', 'place_website': 'https://www.mcdonalds.it/ristorante/veneto/padova/albignasego-pd', 'source': 'ChIJDyi3sZXbfkcRx6Ev8EAcHAo', 'places_opening_hours': ""['Monday: 9:30\\u202fAM\\u2009‚Äì\\u20099:00\\u202fPM', 'Tuesday: 9:30\\u202fAM\\u2009‚Äì\\u20099:00\\u202fPM', 'Wednesday: 9:30\\u202fAM\\u2009‚Äì\\u20099:00\\u202fPM', 'Thursday: 9:30\\u202fAM\\u2009‚Äì\\u20099:00\\u202fPM', 'Friday: 9:30\\u202fAM\\u2009‚Äì\\u20099:00\\u202fPM', 'Saturday: 9:30\\u202fAM\\u2009‚Äì\\u20099:00\\u202fPM', 'Sunday: 9:00\\u202fAM\\u2009‚Äì\\u20099:00\\u202fPM']"", 'filename': 'ChIJDyi3sZXbfkcRx6Ev8EAcHAo'}","I don't have information on whether McDonald's Albignasego offers reservations. 
"
"Is Passando Per Modena a good choice for a casual dinner with friends? 
","The passage doesn't explicitly state whether Passando Per Modena is good for a casual dinner with friends. However, it does mention a ""nice atmosphere"" and ""friendly staff,"" which are positive indicators for a casual dining experience.  

Here's why it might be a good choice:

* **Nice atmosphere:** This suggests a comfortable and relaxed environment suitable for a casual gathering.
* **Friendly staff:**  Friendly service contributes to a pleasant and enjoyable dining experience.
* **Delicious food:** The review highlights the quality of the food, which is important for any dinner with friends.

However, keep in mind that the passage lacks information about the specific ambiance or menu options, which could be relevant for a casual dinner. 

**To determine if Passando Per Modena is truly a good choice, you might want to consider:**

* **Looking at photos of the restaurant online.**
* **Checking the menu to see if it offers casual options.**
* **Reading more reviews to get a broader perspective.** 
","page_content='place_name=Passando Per Modena\nreview=Nice atmosphere and friendly staff - everything we ordered was incredibly delicious. There are no words to describe all these divine flavors.""\nplace_address=Prato della Valle, 117, 35123 Padova PD, Italy\nplace_average_ratings=4.3\nplace_price_level=PRICE_LEVEL_MODERATE\nplace_primary_type=restaurant\nhas_delivery=True\nis_reservable=True' metadata={'place_phone_number': '+39 333 220 2177', 'place_website': 'http://modena.passandoper.com/', 'source': 'ChIJV2M7GFPafkcRM93CmDUQpq4', 'places_opening_hours': ""['Monday: 12:00\\u2009‚Äì\\u20093:00\\u202fPM, 7:00\\u2009‚Äì\\u200910:00\\u202fPM', 'Tuesday: 12:00\\u2009‚Äì\\u20093:00\\u202fPM, 7:00\\u2009‚Äì\\u200910:00\\u202fPM', 'Wednesday: 12:00\\u2009‚Äì\\u20093:00\\u202fPM, 7:00\\u2009‚Äì\\u200910:00\\u202fPM', 'Thursday: 12:00\\u2009‚Äì\\u20093:00\\u202fPM, 7:00\\u2009‚Äì\\u200910:00\\u202fPM', 'Friday: 12:00\\u2009‚Äì\\u20093:00\\u202fPM, 7:00\\u2009‚Äì\\u200911:00\\u202fPM', 'Saturday: 12:00\\u2009‚Äì\\u20093:00\\u202fPM, 7:00\\u2009‚Äì\\u200911:00\\u202fPM', 'Sunday: 12:00\\u2009‚Äì\\u20093:00\\u202fPM, 7:00\\u2009‚Äì\\u200910:00\\u202fPM']"", 'filename': 'ChIJV2M7GFPafkcRM93CmDUQpq4'}","Yes, Passando Per Modena seems like a good choice for a casual dinner with friends. 
Reviews mention a nice atmosphere and friendly staff.  It's also a moderate price level, making it suitable for a casual outing. 
"
"Did the customer receive the Campari spritzes they ordered? 
","No, the customer did not receive the Campari spritzes they ordered. The review states they received two unclearly identified drinks that tasted like chinotto, not Campari spritzes. 
","page_content='place_name=Versi riBELLI\nreview=Ordered 2 Campari spritzes, received two unclearly identified drinks which both in color and flavor were reminiscent of chinotto, drowned in excessive ice (just to fill the glasses a little) which the Campari and prosecco had not even seen with binoculars. All served without the shadow of a chip and drunk in the cold (the place is not heated), while the words ""cicchetti 2 euro"" were on the counter. Shame on you lousy people, nothing but wine and food, you don\'t even know how to make a spritz (and two chips even at the Chinese sports bar they give them to you...).\nplace_address=Via T. Aspetti, 23, 35132 Padova PD, Italy\nplace_average_ratings=4.3\nplace_price_level=nan\nplace_primary_type=bar\nhas_delivery=False\nis_reservable=True' metadata={'place_phone_number': '+39 331 388 2147', 'place_website': 'https://www.facebook.com/versiribelli/?modal=admin_todo_tour', 'source': 'ChIJhWrOyrHbfkcRjZVuY0s-3c4', 'places_opening_hours': ""['Monday: 5:30\\u2009‚Äì\\u200911:30\\u202fPM', 'Tuesday: 5:30\\u2009‚Äì\\u200911:30\\u202fPM', 'Wednesday: 5:30\\u2009‚Äì\\u200911:30\\u202fPM', 'Thursday: 5:30\\u2009‚Äì\\u200911:30\\u202fPM', 'Friday: 5:30\\u2009‚Äì\\u200911:30\\u202fPM', 'Saturday: 5:30\\u2009‚Äì\\u200911:30\\u202fPM', 'Sunday: 5:30\\u2009‚Äì\\u200911:30\\u202fPM']"", 'filename': 'ChIJhWrOyrHbfkcRjZVuY0s-3c4'}","No, the customer did not receive the Campari spritzes they ordered at Versi riBELLI. They received drinks that tasted like chinotto and were drowned in ice. 
"
"Does Crazy Tuna Tropical Sushi offer delivery and reservations? 
","Yes, Crazy Tuna Tropical Sushi offers both delivery and reservations. 
","page_content='place_name=Crazy Tuna Tropical sushi\nreview=Top Sushi üç£\nplace_address=Viale S. Giovanni Bosco, 8c, 35142 Padova PD, Italy\nplace_average_ratings=5.0\nplace_price_level=nan\nplace_primary_type=sushi_restaurant\nhas_delivery=True\nis_reservable=True' metadata={'place_phone_number': '+39 375 620 6209', 'place_website': 'https://www.crazytunas.com/', 'source': 'ChIJ128bPkzbfkcREhDXkQLWSRI', 'places_opening_hours': ""['Monday: 5:30\\u2009‚Äì\\u200911:00\\u202fPM', 'Tuesday: 5:30\\u2009‚Äì\\u200911:00\\u202fPM', 'Wednesday: 5:30\\u2009‚Äì\\u200911:00\\u202fPM', 'Thursday: 5:30\\u2009‚Äì\\u200911:00\\u202fPM', 'Friday: 5:30\\u2009‚Äì\\u200911:00\\u202fPM', 'Saturday: 5:30\\u2009‚Äì\\u200911:00\\u202fPM', 'Sunday: Closed']"", 'filename': 'ChIJ128bPkzbfkcREhDXkQLWSRI'}","Yes, Crazy Tuna Tropical Sushi offers both delivery and reservations. 
"
"Does Yama Sushi Padova offer delivery and reservations? 
","Yes, Yama Sushi Padova offers both delivery and reservations. 
","page_content='place_name=Yama Sushi Padova\nreview=I loveeee this place so much! Everything was extremely delicious , most important thing- service was perfect! We even did not wait at all for anything. As you see from pics how nice our plates was. I highly recommend you would not regret:)\nplace_address=Via Venezia, 65, 35131 Padova PD, Italy\nplace_average_ratings=4.3\nplace_price_level=PRICE_LEVEL_MODERATE\nplace_primary_type=japanese_restaurant\nhas_delivery=True\nis_reservable=True' metadata={'place_phone_number': '+39 049 522 0200', 'place_website': 'http://www.yamasushipadova.it/', 'source': 'ChIJLa3j_rDbfkcRApbTngSgAJM', 'places_opening_hours': ""['Monday: 12:00\\u2009‚Äì\\u20093:00\\u202fPM, 7:00\\u2009‚Äì\\u200911:30\\u202fPM', 'Tuesday: Closed', 'Wednesday: 12:00\\u2009‚Äì\\u20093:00\\u202fPM, 7:00\\u2009‚Äì\\u200911:30\\u202fPM', 'Thursday: 12:00\\u2009‚Äì\\u20093:00\\u202fPM, 7:00\\u2009‚Äì\\u200911:30\\u202fPM', 'Friday: 12:00\\u2009‚Äì\\u20093:00\\u202fPM, 7:00\\u2009‚Äì\\u200911:30\\u202fPM', 'Saturday: 12:00\\u2009‚Äì\\u20093:00\\u202fPM, 7:00\\u2009‚Äì\\u200911:30\\u202fPM', 'Sunday: 12:00\\u2009‚Äì\\u20093:00\\u202fPM, 7:00\\u2009‚Äì\\u200911:30\\u202fPM']"", 'filename': 'ChIJLa3j_rDbfkcRApbTngSgAJM'}","Yes, Yama Sushi Padova offers both delivery and reservations. 
"
